userid,name,dob,gender,id_type,id_no,mobile,address
752-46-9605,Walter,1990-12-20,M,VC,6710201815,7796718465,56 Fallview Drive
607-11-2666,Charles,1982-04-15,M,AC,3172953966,3657565678,2 Doe Crossing Point
613-39-6385,Adam,1984-08-29,M,DL,3304316303,6225341806,02413 Tomscot Drive
810-46-8634,Betty,1980-01-20,F,VC,7248851965,5307413335,04 Rutledge Way
228-21-5110,David,1978-02-12,M,PC,3618767231,2824282089,311 Carberry Hill
519-54-6247,Bobby,1981-01-04,M,VC,3159002972,2733134134,76170 Evergreen Terrace
533-16-1286,Howard,1977-05-27,M,AC,5803189473,2050239449,7846 Stone Corner Trail
192-12-7945,Cynthia,1984-03-09,F,DL,9898748215,5433731154,5 Cottonwood Point
158-08-6498,Margaret,1976-09-19,F,VC,4344044134,5160175095,073 Mayfield Crossing
306-63-3807,Nancy,1990-08-25,F,PC,3870283880,8011541485,8 Pierstorff Street
261-66-3601,Annie,1973-05-23,F,VC,3607805365,7280239946,14 Eagle Crest Plaza
793-63-3243,Chris,1977-06-24,M,AC,3150626885,7028477732,7214 Debs Point
936-89-4785,Billy,1995-01-18,M,DL,9967630260,7155503605,7 Russell Center
770-95-3444,Michael,1974-07-31,M,VC,8894015864,2419486098,2889 Oriole Junction
319-16-9786,Marie,1992-09-09,F,PC,2015115330,4820343728,83 Northridge Junction
676-12-0648,Daniel,1983-06-15,M,VC,2259760562,3260891458,8 Talmadge Street
544-81-8441,Michelle,1973-02-04,F,AC,8170077114,2241814219,07 Green Ridge Alley
441-53-3903,Louise,1969-10-07,F,DL,6309560231,1405023834,66405 Independence Center
877-81-1762,Beverly,1971-05-26,F,VC,3149276286,6779276940,9586 Bowman Lane
830-58-8735,Denise,1994-12-08,F,PC,4700038250,5381694910,7157 Nevada Drive
791-50-6579,Eugene,1991-10-07,M,VC,6861940897,3666703795,6012 Mandrake Lane
520-28-1263,Rebecca,1984-11-09,F,AC,2794629415,5971137234,77 Chive Alley
100-73-6246,Gary,1978-04-22,M,DL,4443706012,3047379663,150 Elmside Court
409-76-4295,Alice,1970-03-01,F,VC,6392341050,6927044850,7 Garrison Court
449-20-9946,Victor,1978-07-12,M,PC,9552198177,8536414938,92379 Fair Oaks Pass
916-47-0786,Steven,1969-02-05,M,VC,6350275659,8840543387,5515 Linden Crossing
507-95-5000,Beverly,1995-09-25,F,AC,1292067032,5785694767,1 John Wall Hill
732-14-5508,Aaron,1995-09-17,M,DL,9649264448,9048183449,166 Walton Junction
494-86-3114,Doris,1970-01-19,F,VC,7253003211,2167160619,29 Becker Alley
932-80-9730,Sean,1987-07-04,M,PC,3072719893,6738856017,455 Judy Park
543-12-1200,Ann,1972-08-14,F,VC,9756575995,3440515761,82 Dunning Alley
151-59-5315,Donald,1992-09-27,M,AC,9644875539,4941355985,98103 Washington Trail
665-23-2784,Kimberly,1988-02-28,F,DL,3122325477,6231878395,0 Sommers Circle
783-97-5938,Teresa,1979-04-09,F,VC,4807727847,7172466108,890 Texas Road
519-36-7236,Mark,1972-09-10,M,PC,1075799472,1363742726,5601 Kennedy Terrace
283-30-5146,Adam,1992-04-26,M,VC,8282009676,1174824188,0 Almo Center
915-78-9179,Stephen,1975-08-02,M,AC,8635287222,2295676111,40745 Burrows Trail
258-22-9456,Kathy,1972-09-01,F,DL,9675543881,2480512714,7687 Lien Point
987-59-1852,Pamela,1976-02-01,F,VC,2370853138,9341881999,8047 Chinook Point
176-72-9315,Timothy,1974-02-25,M,PC,6067874061,9843189613,573 Westridge Point
755-21-1705,Virginia,1993-09-01,F,VC,6604342262,9416774201,799 Eggendart Center
400-22-1338,Jonathan,1977-10-06,M,AC,8537370634,9812755249,61725 Eagle Crest Hill
326-64-1735,Andrew,1981-06-11,M,DL,1875716109,3573949511,8862 Merrick Park
424-28-8238,Alan,1986-08-23,M,VC,7752079809,6338446560,28 Di Loreto Junction
320-53-2251,Tammy,1984-01-18,F,PC,1403865788,2451354204,3 Moulton Junction
158-28-6381,Evelyn,1970-10-31,F,VC,7711781633,4097202841,4195 Westerfield Hill
845-77-4692,Cynthia,1986-10-15,F,AC,6754866700,5967164115,355 Gulseth Trail
966-49-0003,Irene,1969-01-29,F,DL,5642932290,6369777892,3 Vahlen Parkway
755-07-5344,Janice,1975-07-03,F,VC,3014804732,8796601398,05 Golden Leaf Center
267-98-4629,Jacqueline,1983-08-26,F,PC,3816574279,5735638515,146 Forest Plaza
950-50-0868,Kevin,1980-10-31,M,VC,9653466651,9524591427,9 Westridge Circle
245-55-9145,Gary,1975-06-14,M,AC,9114872511,1336731564,33426 Melody Lane
178-76-9049,Barbara,1993-05-12,F,DL,6405507719,6417567254,1 Corscot Plaza
440-77-6743,Gregory,1972-11-11,M,VC,4098566284,1834383757,6335 Lien Lane
185-70-3057,Catherine,1983-02-16,F,PC,2782932258,5065917243,42 Delaware Court
481-38-5999,Marie,1990-12-12,F,VC,6947666423,1352500172,23435 Caliangt Lane
163-76-0512,Teresa,1988-05-12,F,AC,6593635335,8003801626,9 Laurel Center
883-07-5666,Joshua,1982-10-17,M,DL,8148581998,9879954284,9056 Alpine Alley
515-61-0393,Craig,1989-12-13,M,VC,4478593227,6802132101,7433 Buhler Crossing
425-80-1561,Johnny,1982-03-19,M,PC,6316194083,1318889194,50904 Dakota Court
585-92-5801,Emily,1986-03-05,F,VC,1949594376,2030171162,475 Sundown Center
358-30-6596,Daniel,1976-10-13,M,AC,7403173139,1979208804,973 Shoshone Street
265-58-1661,Clarence,1995-10-21,M,DL,1932431889,1529956398,36914 Emmet Hill
533-66-2546,Debra,1977-07-01,F,VC,5904270924,1551626077,6 Mandrake Place
213-75-2593,Mary,1987-09-24,F,PC,4289038527,1607339844,93 Morning Street
151-59-7650,Andrea,1992-10-23,F,VC,4390064598,4325901393,99 Union Lane
935-82-6279,Joshua,1979-12-11,M,AC,3573745132,4251378556,711 Iowa Avenue
163-28-1444,Diane,1973-01-18,F,DL,7678754397,4365137830,90952 Judy Park
104-54-6952,Kevin,1971-09-05,M,VC,3827243303,2278440564,614 Center Lane
565-44-7228,Karen,1969-10-20,F,PC,9342357857,1881071858,21 Talisman Avenue
167-69-4632,Jeremy,1991-02-22,M,VC,3613102925,8852151464,590 Jackson Parkway
757-06-5640,Susan,1980-09-05,F,AC,7576082782,6995167225,15 Dexter Avenue
513-43-4312,John,1993-11-01,M,DL,8143317251,1605540869,3 Dapin Alley
480-15-2173,Gary,1988-03-06,M,VC,8266105050,8785680559,60623 Northview Junction
248-79-5544,Sean,1973-12-26,M,PC,9966328301,8008817242,52174 Stoughton Street
946-07-4360,Pamela,1972-05-24,F,VC,2753858216,6025355863,481 Dwight Trail
582-87-3274,Sandra,1971-02-01,F,AC,5706144879,5291172400,11843 Emmet Crossing
810-99-3560,Maria,1995-08-14,F,DL,5371683739,5539300409,69 Merry Circle
140-30-7931,Lori,1987-01-16,F,VC,5389468007,9786402070,960 Veith Drive
378-96-0184,Joshua,1992-12-20,M,PC,9680479815,9634820610,3 Doe Crossing Alley
531-07-6095,Mary,1974-05-29,F,VC,5763282158,3522917355,7 Blue Bill Park Alley
176-82-3453,Dorothy,1992-06-22,F,AC,1300973368,3991973856,27 Lukken Point
723-48-6455,Eric,1982-02-20,M,DL,5315061158,8327807628,5486 Michigan Point
296-35-7704,Anthony,1994-07-12,M,VC,3087317960,4072480519,90670 Kingsford Lane
580-22-4843,Alice,1972-08-29,F,PC,5375570095,1057711192,52 Sundown Parkway
218-47-2454,Cynthia,1994-06-24,F,VC,7268743772,2416727082,5251 Hanover Trail
861-88-1886,Ryan,1972-10-06,M,AC,7852906421,8623278018,3 Acker Road
891-25-0943,David,1986-02-07,M,DL,2806536540,2487635487,5642 Ronald Regan Place
148-30-0310,George,1992-03-09,M,VC,9836522779,8120917771,660 Blaine Alley
948-31-0934,Patrick,1984-10-30,M,PC,7245350618,9926536204,35309 Spohn Road
853-70-5308,Bruce,1982-05-21,M,VC,1172507634,5712318433,84406 Lerdahl Trail
628-41-4459,Nicole,1972-11-07,F,AC,2863690476,3255061632,4496 Mesta Place
556-25-6044,Eugene,1983-09-27,M,DL,4262260880,8088399987,93562 Boyd Court
689-31-6343,Stephen,1981-03-07,M,VC,8600103922,6571254780,01442 Roth Junction
433-25-2300,Billy,1985-06-06,M,PC,5366819720,7187263216,503 Warner Road
374-42-1297,Judith,1974-07-04,F,VC,3535479202,4408585275,78964 Sauthoff Terrace
469-57-4846,Brandon,1978-03-07,M,AC,7062026636,6802857127,507 Muir Point
664-88-4124,Juan,1988-07-09,M,DL,5479672861,2536270028,46 Granby Junction
198-72-9736,Patrick,1978-03-05,M,VC,6247562632,2123188944,68 Crescent Oaks Place
909-66-4982,Dorothy,1978-09-24,F,PC,6474756728,3611996684,93043 Brown Crossing
896-20-9324,Kelly,1990-12-20,F,VC,1494433314,1762470014,8481 Wayridge Place
488-95-9331,Steve,1982-04-15,M,AC,8460820902,9336029363,30 Saint Paul Lane
698-97-3450,William,1984-08-29,M,DL,7565344326,6259337388,94244 Manufacturers Street
527-81-7394,Dennis,1980-01-20,M,VC,1368284685,5667349236,9873 Hoffman Plaza
889-86-4046,Jason,1978-02-12,M,PC,1486808208,5993846626,62500 Schlimgen Alley
951-35-1703,Norma,1981-01-04,F,VC,5595585126,2797356321,25 Kensington Terrace
729-74-8273,Edward,1977-05-27,M,AC,2318087405,8602562928,6985 Scofield Alley
694-58-9683,Doris,1984-03-09,F,DL,5842275497,2041610688,82144 Paget Street
445-64-3079,Matthew,1976-09-19,M,VC,7519768019,3483098469,78 Hagan Point
229-77-5772,Julie,1990-08-25,F,PC,4707445363,5098044966,6 Onsgard Trail
733-18-9620,Sarah,1973-05-23,F,VC,3563482225,8092520876,28828 Fair Oaks Junction
967-03-2789,James,1977-06-24,M,AC,8613193796,8608169878,80 Hovde Avenue
848-74-3400,Lisa,1995-01-18,F,DL,9873990920,3670530168,93 Sunnyside Junction
973-91-0048,Brandon,1974-07-31,M,VC,6208181848,8269493349,7 Veith Center
625-46-4775,Jeffrey,1992-09-09,M,PC,8975612761,3272961622,75 Stoughton Park
639-40-3095,Ryan,1983-06-15,M,VC,2885215635,8265678400,6706 Eliot Hill
970-39-2726,Gerald,1973-02-04,M,AC,6484903918,7302758323,7756 Spohn Park
951-82-4293,Craig,1969-10-07,M,DL,9975517719,4666507347,80277 Montana Plaza
797-39-1425,Beverly,1971-05-26,F,VC,2844510811,7493803380,4 Fuller Court
539-96-0813,Louis,1994-12-08,M,PC,4061465662,5675591053,8 Larry Hill
992-35-2173,Marie,1991-10-07,F,VC,3655716302,7837854969,6 Maryland Place
458-66-3688,Kathy,1984-11-09,F,AC,7372884378,9137765841,13421 Loeprich Road
544-11-5299,Louise,1978-04-22,F,DL,4866735462,8503817214,7 Fair Oaks Hill
468-09-6643,Donald,1970-03-01,M,VC,2772962860,5843575369,27965 Lien Center
474-42-7780,Shawn,1978-07-12,M,PC,3367642734,5430180624,87 Donald Park
524-50-0937,Diana,1969-02-05,F,VC,1039125503,4851400016,04 Summer Ridge Avenue
728-56-6644,Michael,1995-09-25,M,AC,7593991469,4653718043,1568 Vera Way
725-12-8764,Stephen,1995-09-17,M,DL,3831234987,2127283302,0095 Corry Drive
818-30-9030,Phillip,1970-01-19,M,VC,8458565229,5959288659,1 Manitowish Crossing
518-24-1698,Donald,1987-07-04,M,PC,5854022452,5167575040,268 Menomonie Center
789-09-3069,Ruth,1972-08-14,F,VC,1777033669,9863144203,2905 Stang Parkway
789-41-8143,Andrew,1992-09-27,M,AC,7316854074,8219391903,77516 Randy Road
361-52-6111,Ralph,1988-02-28,M,DL,1936234217,6791634270,4 Bay Parkway
951-69-5312,John,1979-04-09,M,VC,8686443164,1673128773,65 Parkside Hill
987-21-6908,Gregory,1972-09-10,M,PC,3589701313,9697787904,9 Barby Avenue
156-63-0731,Paul,1992-04-26,M,VC,3080066538,8208870065,724 Sundown Drive
855-20-6906,Wayne,1975-08-02,M,AC,1047667467,3238764736,7 Algoma Street
622-10-9240,Sandra,1972-09-01,F,DL,3610689696,4098096627,13 Lunder Park
341-56-0784,Edward,1976-02-01,M,VC,6143822172,5703613563,17 Farmco Pass
191-57-6085,Stephanie,1974-02-25,F,PC,7269213219,5116634103,08 Hermina Court
977-73-7713,Bobby,1993-09-01,M,VC,5210125138,9322554953,52734 Johnson Road
211-79-8138,Anna,1977-10-06,F,AC,4224943669,9437755968,9 Sauthoff Court
392-53-8708,Eric,1981-06-11,M,DL,9603094291,8312758294,88027 Village Green Junction
162-07-0063,Jonathan,1986-08-23,M,VC,9736014174,5365993552,10677 Evergreen Place
300-86-5917,Kelly,1984-01-18,F,PC,1530248398,1706961351,59607 Maryland Circle
288-89-0412,Robert,1970-10-31,M,VC,5897701864,3627700968,14229 Dwight Crossing
545-62-6512,Amy,1986-10-15,F,AC,8253975798,8550847508,06859 Jay Hill
568-14-0002,Kathryn,1969-01-29,F,DL,7324103942,6142361109,0820 Harbort Avenue